Category	URL	Description
General	https://t.me/careerspace	Career Space
General	https://t.me/antirabstvoru	Вакансии и трудоустройство
General	https://t.me/+8GccgGZZBIg4ZTNi	Вакансии одной строкой
General	https://t.me/yojob	Dream Job
General	https://t.me/naudalenkebro	Удаленка 2.0 | Finder.work
General	https://t.me/vacanciesbest	Лучшие вакансии
General	https://t.me/jobs_finlegal	Лучшие вакансии
General	https://t.me/Well_paid_Job	Вакансии с зп выше 50 тысяч
General	https://t.me/hh_vacancy_udalenka	Удаленная работа от hh.ru
General	https://t.me/newdirections	New directions: стажировки
General	https://t.me/horseatinternship	КОНЬ НА СТАЖИРОВКЕ
General	https://t.me/promorabota	Подработка в Москве
General	https://t.me/vakanser_freelancer	Вакансер — Фриланс
General	https://t.me/work_for_everyone	Работа для всех
General	https://t.me/workvc	джоб оффер | Подработка
General	https://t.me/+j569zhkyTENiODYy	Редактируем зп
General	https://t.me/+OivGz5eT2CdjMGVi	VFрилансе - Всё про Фриланс
General	https://t.me/+eLUN1eND56kxOGUy	На фрилансе: Работа | Вакансии
General	http://t.me/freelancebay	Бухта Фриланса
General	https://t.me/vakansiilive	Вакансии Live
General	https://t.me/workzavr	Воркзавр Фриланс
General	https://t.me/+TluPyn-CpHgxNmQy	Патрик пашет Фриланс
General	https://t.me/+QzaWua0Wrl6NpIZ8	ФРИЛАНС. Вакансии
General	https://t.me/+fMoo20LG_FhkNzcy	ParserWork - работа для фрилансеров
General	https://t.me/Work_for_everyone_bot	Cборник свежих и актуальных вакансий
General	https://t.me/Vakanser_bot	Vakanser
General	https://t.me/myresume_ru	Вакансии и Стажировки
General	https://t.me/frilancekomfort	Работа в комфорте
General	https://t.me/jobmar	Home Work
General	https://t.me/the_pomogator	ПОМОГАТОР | ФРИЛАНС | ВАКАНСИИ
General	https://t.me/workk_on	WORK ON
General	https://t.me/Koteyka_Freelancer	Фриланс Котики | Вакансии
General	https://t.me/proffreelancee	НАСТОЯЩИЙ ФРИЛАНС
General	https://t.me/talentedpeoples	Работа талантам
General	https://t.me/theyseeku	Finder.work: работа и вакансии
General	https://t.me/refni_ru	Рефни
General	https://t.me/GetClient	GetClient | Фриланс вакансии
General	https://t.me/novichog	НОВИЧОК: удалённая работа
General	https://t.me/vacansi_msk	Вакансии | Москва и МО
General	https://t.me/workoo	Ворку | Подработка удаленно
General	https://t.me/rabotavsochi_t	Работа в Сочи
General	https://t.me/sellyourhead	SELL YOUR HEAD
General	https://t.me/workfortop	Work For TOP
General	https://t.me/chat_job	Москва / Срочные вакансии
General	https://t.me/forchiefs	Job for Chiefs (TOP vacancies)
General	https://t.me/toplevel_job	TOP LEVEL JOB
General	https://t.me/i_top_groups	Я Топ
General	https://t.me/worklis	worklis
General	https://t.me/Karernii_serfer_karera	Карьерный серфер
General	https://t.me/uptume/	Аптуми (up to me)
General	https://t.me/moskva_rabota	Вакансии в Москве
General	https://t.me/Rabota_Kazan_116	Работа Казань
General	https://t.me/vitrinajobs	vitrina.jobs
General	https://t.me/changellenge	Changellenge
General	https://www.linkedin.com/groups/3856560	SELL YOUR HEAD
General	https://www.linkedin.com/groups/3166404	Jobs in Moscow
General	https://www.linkedin.com/groups/8356082/	Моя Новая Работа
General	https://www.linkedin.com/groups/6958795/	БАЗА ВАКАНСИЙ и РЕЗЮМЕ
General	https://www.linkedin.com/groups/8804245/	Только ТОП-менеджеры
General	https://www.linkedin.com/groups/4450567	Вакансии в Петербурге и РФ
General	https://www.linkedin.com/groups/8335989/	PRO карьеру. PRO вакансии
General	https://www.linkedin.com/groups/8320962/	Workaholic in Russia
General	https://www.linkedin.com/groups/13725621/	JOBТОП
General	https://www.linkedin.com/groups/4834966/	WORKINFORM
General	https://www.linkedin.com/groups/2282258/	Jobs and resumes in Russia
General	https://www.linkedin.com/groups/8804245/	Вакансии&Кандидаты. Только ТОП
General	https://www.linkedin.com/groups/3043975/	Вакансии в России и за рубежом
General	https://www.linkedin.com/groups/8494290/	Jobs in Russia
General	https://www.linkedin.com/groups/2494396/	JOBS 2.0 Russia & CIS
General	https://www.linkedin.com/groups/3156316/	Executive Search
General	https://www.linkedin.com/groups/13921023/	ДирекТОР. Вакансии
General	https://www.facebook.com/groups/vakanci/	ВАКАНСИИ&РЕЗЮМЕ
General	https://www.facebook.com/groups/vakansiivmoskve/	Вакансии в Москве
General	https://www.facebook.com/groups/rabotaRF/	Есть работа! Нужна работа!
General	https://www.facebook.com/groups/354231474767885	Вас ищет работа
General	https://www.facebook.com/groups/workathome111	WORK AT HOME
General	https://www.facebook.com/workanywhereru/	Удаленная работа
General	https://www.facebook.com/groups/rabotapodushe/	Работа по душе
General	https://www.facebook.com/groups/607244569338033/	Охотники за головами
General	https://www.facebook.com/groups/truejob/	True JOB
General	https://www.facebook.com/groups/jobsbyfriends	Вакансии от друзей
General	https://www.facebook.com/groups/1498611173753806/	Работа в Москве
General	https://www.facebook.com/groups/podrabotka1	Подработка
General	https://www.facebook.com/groups/354231474767885	Вас ищет работа
General	https://www.facebook.com/groups/jpexecutive/	Топовые вакансии
General	https://www.facebook.com/groups/1850645814951559/	Я ТОП, вакансии
General	https://www.facebook.com/groups/jobsearchinmoscow/	Работа в Москве
General	https://www.facebook.com/groups/sale.marketing.development/	Вакансии&Кандидаты
General	https://www.facebook.com/groups/vakansiirabota/	Вакансии. Резюме. Работа.
General	https://www.facebook.com/groups/446163202155747/	Работа в Москве
General	https://www.facebook.com/groups/Vacancies.candidates/	Вакансии&Кандидаты
General	https://www.facebook.com/groups/361053104046906/	Новая работа
General	https://www.facebook.com/groups/417371618921631/	Работа. Вакансии по всей России
General	https://www.facebook.com/groups/514579095369977/	Вакансии для Руководителей
General	https://www.facebook.com/groups/rabotaRF/	Есть работа! Нужна работа!
General	https://www.facebook.com/groups/4300769a/	БАЗА ВАКАНСИЙ И РЕЗЮМЕ
General	https://www.facebook.com/groups/peoplework/	Работа в Москве
General	https://www.facebook.com/groups/354231474767885/	Вас ищет работа
General	https://www.facebook.com/groups/sellyourhead/	SELL YOUR HEAD
General	https://www.facebook.com/groups/jobsbyfriends/	Вакансии от друзей
General	https://www.facebook.com/groups/vakansiivmoskve/	Вакансии в Москве
General	https://www.facebook.com/groups/jobhuntingtop/	Вакансии для директоров
General	https://www.facebook.com/groups/227740697264812/	ПОДРАБОТКА И РАБОТА В МОСКВЕ
General	https://www.facebook.com/groups/159864941623212/	РАБОТА ЗА РУБЕЖОМ
General	https://www.facebook.com/groups/rabota.vakansii.rus/	ЕСТЬ РАБОТА - НУЖНА РАБОТА
General	https://www.facebook.com/groups/careerfortop/	Поиск работы для ТОПов
General	https://www.facebook.com/groups/504173917225379/	Вакансии, резюме (Я ТОП)
General	https://www.facebook.com/groups/top.manager.vacancy/	Вакансии&Кандидаты. Только ТОП
General	https://www.facebook.com/groups/1071340899607054/	Активные вакансии
General	https://vk.com/budujobs	Буду
General	https://vk.com/youjobs	Работа • Подработка
General	https://vk.com/kadrof	Клуб фрилансеров
General	https://vk.com/frilansfree	ФРИЛАНС
General	https://vk.com/distantsiya	Дистанция
General	https://vk.com/rabotav77	Работа в Москве
General	https://vk.com/rabotav72	Работа в Тюмени
General	https://vk.com/rabotav54	Работа в Новосибирске
General	https://vk.com/rabotav52	Работа в Нижнем Новгороде
General	https://vk.com/rabotav66	Работа в Екатеринбурге
General	https://vk.com/rabotav74	Работа в Челябинске
General	https://vk.com/public146207035	Работа в Воронеже подработка
General	https://vk.com/spblocaut	Работа в Санкт-Петербурге
General	https://vk.com/rabota_v_dnr	Работа в Донецке
General	https://vk.com/spb_job	Работа в Санкт-Петербурге
General	https://vk.com/rabotamoskva	Работа в Москве
General	https://vk.com/rabota_almaty	Работа Алматы
General	https://vk.com/freelance_all	Фриланс Удаленная работа
General	https://vk.com/rabotamoskvaru	Работа в Москве
General	https://vk.com/rabota21cheb	Работа Чебоксары | Чувашия
General	https://vk.com/workdistance	Удаленная работа | Фриланс
General	https://vk.com/rabota_petropavlovsk	Работа Петропавловск
General	https://vk.com/spb.rabota	Любая Работа в СПб
General	https://vk.com/f_r_e_e_lance	Фриланс | Удаленная Работа
General	https://vk.com/findervc	Finder.work: работа и вакансии
General	https://vk.com/inflance	HTTPS://T.ME/JOBNULSYA
General	https://vk.com/moscouworknews.vacancy	Работа в Москве
General	https://vk.com/rabota_respublika_komi	Работа Ухта
General	https://vk.com/rabota_rassia	Работа в Москве | Ищу работу
General	https://vk.com/public44490261	Работа в Санкт-Петербурге СПБ
General	https://vk.com/spbrabota	Работа в СПб
General	https://vk.com/jobfeedspb	Работа в Санкт-Петербурге
General	https://vk.com/rabota4you	Работа в Санкт-Петербурге
General	https://vk.com/jobspb	Работа в СПб
General	https://vk.com/rabota_peterburg_1	Работа Питер
General	https://hh.ru/	hh.ru
General	https://joblab.ru/	joblab.ru
General	https://www.zarplata.ru/	zarplata.ru
General	http://jobinmoscow.ru/	jobinmoscow.ru
General	https://rabota.ru/	rabota.ru
General	http://domkadrov.ru/	domkadrov.ru
General	https://www.superjob.ru/	superjob.ru
General	https://gorodrabot.ru/	gorodrabot.ru
General	https://trudvsem.ru/employer	trudvsem.ru
General	https://youla.ru/	youla.ru
General	https://www.avito.ru/all/rezume	avito.ru
General	https://job50.ru/	job50.ru
General	https://profi.ru/	profi.ru
IT	https://t.me/qa_jobs	QA — вакансии
IT	https://t.me/javascript_jobs	JavaScript Jobs
IT	https://t.me/mobile_jobs	Mobile Dev Jobs
IT	https://t.me/php_jobs	PHP — вакансии
IT	https://t.me/python_jobs	Python
IT	https://t.me/Getitrussia	Get IT
IT	https://t.me/gamedevjob	Работа в геймдеве
IT	https://t.me/front_end_dev	FrontEndDev
IT	https://t.me/javascript_jobs	JavaScript Jobs
IT	https://t.me/javascript_jobs_feed	JavaScript Jobs
IT	https://t.me/forwebdev	For Web
IT	https://t.me/job_webdev	Вёрстка и фронтенд
IT	https://t.me/runello_rus_frontend	Front-end Job Offers
IT	https://t.me/forfrontend	Job for Frontend
IT	https://t.me/front_end_jobs	Front-End Developer
IT	https://t.me/runello_rus_backend	Backend Job Offers
IT	https://t.me/forgoandrust	Job for Go
IT	https://t.me/mobile_jobs	Mobile Dev Jobs
IT	https://t.me/forallmobile	Job for Mobile
IT	https://t.me/mobiledevjob	Mobile jobs
IT	https://t.me/bykvaadm	Админим с Буквой
IT	https://t.me/devops_jobs	DevOps Jobs
IT	https://t.me/fordevops	Job for Sysadmin & DevOps
IT	https://t.me/JobsforDevsandOps	Слёрм Карьера
IT	https://t.me/sysadmin_rabota	Вакансии СисАдмин,
IT	https://t.me/gamedev_vakansii	GameDev Jobs
IT	https://t.me/devjobs	Game Development Jobs
IT	https://t.me/gamedevjob	Работа в геймдеве
IT	https://t.me/Gamedevjobs	Gamedev Jobs (Inflow)
IT	https://t.me/rabota_v_gamedeve	Работа в геймдеве
IT	https://t.me/young_gamedev	Yo Gamedev
IT	https://t.me/gdjobs	GameDev Career
IT	https://t.me/forgamedev	Job for Gamedev
IT	https://t.me/gamedevjobtinder	Gamedev & IT Job Finder
IT	https://t.me/GameDev_and_Tech_vacancy	Jobs in GameDev & IT
IT	https://t.me/qa_jobs	QA
IT	https://t.me/itarchitect_jobs	Работа для ИТ-
IT	https://t.me/cryptoheadhunter	Крипто HeadHunter
IT	https://t.me/cryptojobslist	Crypto Jobs List
IT	https://t.me/ethereum_jobs_market	Ethereum Jobs
IT	https://t.me/yourweb3jobs	Web3 Jobs
IT	https://t.me/ethereum_hh	Ethereum Jobs
IT	https://t.me/eth_jobs	Ethereum — Jobs & CVs
IT	https://t.me/job_web3	Web 3.0 Job
IT	https://t.me/bloconomica	Crypto HR
IT	https://t.me/g_jobbot	getmatch: бот с IT-
IT	http://t.me/ya_jobs	Яндекс нанимает
IT	https://t.me/tproger	Типичный программист
IT	https://t.me/not_boring_ds_jobs	Нескучный Data Science
IT	https://t.me/it_uved_bot	Работа в it и digital
IT	https://t.me/forallqa	Job for QA
IT	https://t.me/jobGeeks	Топ IT Вакансии
IT	https://t.me/itjobs_nocode	IT Jobs (No Code) 5
IT	https://t.me/it_vakansii_jobs	СЕТИ — IT & Digital
IT	https://t.me/progjob	Работа для программистов
IT	https://t.me/jobfortm	Job for IT-TOP (Technical
IT	https://t.me/workayte	Работа в ИТ
IT	https://t.me/jobscode_infull	Jobs Code | In full
IT	https://t.me/Remoteit	Remote IT (Inflow)
IT	https://t.me/hiddengurus	Hidden Gurus - Remote IT
IT	https://t.me/relocation_vacancies	Вакансии с релокацией
IT	https://t.me/jobs_abroad	Jobs abroad
IT	https://t.me/job_webdev	Работа — вёрстка и
IT	https://t.me/runello_rus_typescript	TypeScript Job Offers
IT	https://t.me/runello_rus_html	HTML Job Offers
IT	https://t.me/job_react	React Job | JavaScript
IT	https://t.me/react_js_jobs	React Jobs
IT	https://t.me/angular_jobs	Angular Jobs
IT	https://t.me/angular_jobs_feed	Angular Jobs
IT	https://t.me/vuejs_jobs	Vue/React/Angular JS Jobs
IT	https://t.me/nodejs_jobs	Node.js Jobs
IT	https://t.me/nodejsjobsfeed	NodeJS Jobs
IT	https://t.me/ru_python	Python
IT	https://t.me/python_vacancy	Python vacancy
IT	https://t.me/job_python	Python Job
IT	https://t.me/python_django_work	Python Django Jobs
IT	https://t.me/django_jobs_board	django_jobs_board
IT	https://t.me/golang_job_geeklink	Вакансии Golang-
IT	https://t.me/gogetajob	Go Get A Job
IT	https://t.me/golang_jobs	Golang — вакансии и
IT	https://t.me/jobforphp	Job for PHP
IT	https://t.me/php_jobs	PHP — вакансии
IT	https://t.me/rabotaphp	PHP вакансии
IT	https://t.me/runello_rus_php	PHP Job Offers
IT	https://t.me/ProCxx	pro.cxx
IT	https://t.me/ProCxxJobs	Pro.* Jobs
IT	https://t.me/csharpdevjob	C# jobs
IT	https://t.me/forcsharp	Job for C#, .NET
IT	https://t.me/runello_rus_c	C#/.Net Job Offers
IT	https://t.me/jvmjobs	pro.JVM Jobs
IT	https://t.me/alljvmjobs	JVM Jobs
IT	https://t.me/job_java	Java Job
IT	https://t.me/scala_jobs_feed	scala_jobs_feed
IT	https://t.me/scala_jobs	Scala Jobs
IT	https://t.me/kotlin_jobs	Kotlin Jobs
IT	https://t.me/forruby	Job for Ruby & Elixir
IT	https://t.me/rubyjob	Ruby & Elixir Job
IT	https://t.me/rust_jobs	Rust Jobs
IT	https://t.me/androidev	AndroidDev Pro
IT	https://t.me/dartlang_jobs	Dart Jobs
IT	https://t.me/dartuz_jobs	Jobs Dart | Flutter
IT	https://t.me/sysadmin_jobs	sysadmin_jobs
IT	https://t.me/DevOpsSRE_Jobs	DevOps/SRE_Jobs
IT	https://t.me/gdjobs	GameDev Career
IT	https://t.me/young_gamedev	Yo Gamedev
IT	https://t.me/ue_pub	Unreal Engine Jobs
IT	https://t.me/ml_data_science_job	ML / DS_Jobs
IT	https://t.me/ml_jobs_kz	AIMoLdin JOBS
IT	https://t.me/datajobskz	KZ Jobs Data Science
IT	https://t.me/datajobs	Data jobs
IT	https://t.me/jobs1c	Вакансии в сфере 1С
IT	https://t.me/joboneC	Р1: Premium. Вакансии 1С
IT	https://t.me/bitrix_1c_job	Вакансии 1С и Bitrix-
IT	https://t.me/smoke1c	1C РАБОТА ВАКАНСИИ
IT	https://t.me/esres_1c	1С Работа
IT	https://t.me/sql_jobs	SQL JOBS
IT	https://t.me/bitrix24_work	Битрикс24 работа / jobs
IT	https://t.me/bitrix_1c_job	Вакансии 1С и Bitrix-
IT	https://t.me/bitrixworkrabota	Битрикс и Битрикс 24
IT	https://t.me/wordpress_jobs	WordPress Jobs
IT	https://t.me/itarchitect_jobs	Работа для ИТ-
IT	https://t.me/teamlead_job_it	Вакансии для Lead
IT	https://t.me/dartlang_jobs	Dart Jobs
IT	https://t.me/jobGeeks	Топ IT Вакансии
IT	https://t.me/itfinland	IT Finland Nerdsbay
IT	https://t.me/ml_jobs_kz	AIMoLdin JOBS
IT	https://t.me/jobs1c	Вакансии в сфере 1С
IT	https://t.me/datasciencejobs	Data Science Jobs
IT	https://t.me/freelancer_1C	Фрилансер 1С
IT	https://t.me/sapforfreelancer	SAP для фрилансеров
IT	https://t.me/cppdevjob	Вакансии по C++
IT	https://t.me/csharpdevjob	C# jobs
IT	https://t.me/pro_net	pro.net (former COM+)
IT	https://t.me/mongodb_ru	MongoDB Russian
IT	https://t.me/technicalwriters	Технические писатели
IT	https://t.me/twriters	TechWriters
IT	https://t.me/user_acquisition	User Acquisition Chat
IT	https://t.me/User_Acquisition_Job	User Acquisition Jobs
IT	https://t.me/GolangJobsit	Golang Jobs
IT	https://t.me/bitrix_work	Битрикс УС и Б24
IT	https://t.me/sapabap	SAP ABAP
IT	https://t.me/qa_chatka	QA Chatka - Тестирование с нуля
IT	https://t.me/qa_resumes	QA - Резюме
IT	https://t.me/germantechjobs	GermanTechJobs
IT	https://t.me/Pol_relocation	IT СV: Poland Relocation
IT	https://t.me/youritjob	IT Работа: Сербия
IT	https://t.me/thailand_IT_nomads	Таиланд Программисты
IT	https://t.me/uzdev_jobs	UzDev Jobs
IT	https://t.me/hh_vacancy_development	Вакансии в IT
IT	https://t.me/young_intern	Young Стажёр
IT	https://t.me/analysts_hunter	Работа ищет аналитиков
IT	https://t.me/analyst_job	Работа для аналитиков
IT	https://t.me/foranalysts	Job for Analysts
IT	https://t.me/saba_hunter	SABA
IT	https://t.me/tzprofi_job	Работа для Аналитиков
IT	https://t.me/analysts_hunter	Работа ищет аналитиков
IT	https://t.me/ru_1c	1C Россия
IT	https://t.me/ibcghr	Вакансии в Blockchain
IT	https://t.me/cryptoheadhunter	Крипто HeadHunter
IT	https://www.facebook.com/groups/748207021930995/	Работа для друзей
IT	https://www.facebook.com/groups/151612828261505/	Программисты
IT	https://www.facebook.com/groups/SAPJobs.CIS/	SAP Jobs in Europe
IT	https://www.facebook.com/groups/vacancy.it.digital/	Вакансии&Кандидаты
IT	https://www.facebook.com/groups/it.and.digital/	IT & Digital объявления
IT	https://www.facebook.com/groups/itpeopleconnection/	IT-people
IT	https://www.linkedin.com/groups/8464122/	Хабр Карьера
IT	https://www.linkedin.com/groups/13895122/	Freelance and Remote
IT	https://vk.com/jobsworkfreelance	GameDev Работа
IT	https://vk.com/topic-30666517_25984850	Типичный программист
IT	https://vk.com/topic-101965347_33361236	ITc
IT	https://vk.com/topic-16108331_26759867	Программирование
IT	https://vk.com/lang_cpp	Программисты C/C++
IT	https://vk.com/board77986122	Типичный верстальщик
IT	https://vk.com/board50613708	Vue | Angular
IT	https://career.habr.com/info/employer	https://geekjob.ru/
IT	https://geekjob.ru/	https://geekjob.ru/
ИБ	https://t.me/cvcyber	CV Cybersecurity
ИБ	https://t.me/RuSecJobs	RuSecJobs Channel
ИБ	https://t.me/RuSecJob_chat	RuSecJob
ИБ	https://t.me/infosec_work	Вакансии в ИБ
ИБ	https://t.me/hackdevjob	InfoSec Jobs
ИБ	https://t.me/cisoclub	CISOCLUB
ИБ	https://t.me/CyberSecurityJobs	Cyber Security Jobs
ИБ	https://t.me/appsec_job	AppSec & DevSecOps Jobs
ИБ	https://t.me/pentest_appsec_devsecops_job	Pentest, AppSec, DevSecOps
ИБ	https://t.me/cybervacancies_channel	Вакансии по пентестингу
ИБ	https://t.me/CyberJobsRussia	CyberJobsRussia
ИБ	https://t.me/CyberSecJobsGURU	Вакансии для ИБ специалистов
Product/Project	https://t.me/hireproproduct	Hire ProProduct
Product/Project	https://t.me/forproducts	Job for Products and Projects
Product/Project	https://t.me/projects_jobs	Projects Jobs
Product/Project	https://t.me/projects_jobs_feed	Management Jobs
Product/Project	https://t.me/agile_jobs	Agile Jobs
Product/Project	https://t.me/product_jobs	Вакансии для продактов и проджектов
Product/Project	https://t.me/products_jobs	Products Jobs
Product/Project	https://t.me/productjobgo	Вакансии для продакт-менеджеров
Product/Project	https://t.me/productvacancy	Продуктовая лавка
Product/Project	https://t.me/PM_lunch	PM lunch
Product/Project	https://t.me/pmin_jobs	PM Russia Job community
Product/Project	https://t.me/kanban_talks	Kanban Talks
SMM/Digital/копирайтинг	https://t.me/community_rabota	Комьюнити-менеджер
SMM/Digital/копирайтинг	https://t.me/dnative_job	Вакансии SMM и Digital
SMM/Digital/копирайтинг	https://t.me/vacanciesrus	Digital вакансии в Telegram
SMM/Digital/копирайтинг	https://t.me/vacancysmm	SMM работа
SMM/Digital/копирайтинг	https://t.me/freelance_vacancy	Фриланс | Удаленная работа
SMM/Digital/копирайтинг	https://t.me/seohr	SEO HR, digital-вакансии
SMM/Digital/копирайтинг	https://t.me/kopirayter_kopirayting	Копирайтер Редактор
SMM/Digital/копирайтинг	https://t.me/Dorogoj_redaktor_Teksty	Дорогой редактор
SMM/Digital/копирайтинг	https://t.me/textodromo	Текстодром
SMM/Digital/копирайтинг	https://t.me/copy_go	Копирайтинг 2.0
SMM/Digital/копирайтинг	https://t.me/self_ma	Копирайтер, редактор
SMM/Digital/копирайтинг	https://t.me/Work4writers	Work for writers
SMM/Digital/копирайтинг	https://t.me/Copy_Digital	Копирайтер, редактор
SMM/Digital/копирайтинг	https://t.me/chatcopywriters/	Копирайтеры
SMM/Digital/копирайтинг	https://t.me/work_editor	Работа с текстами
SMM/Digital/копирайтинг	https://t.me/glvrd_job	Это работа для редактора
SMM/Digital/копирайтинг	https://t.me/copywriter_vacancies	Вакансии для копирайтеров
SMM/Digital/копирайтинг	https://www.facebook.com/groups/smmjob/	Работа в SMM
SMM/Digital/копирайтинг	https://www.facebook.com/groups/workanddigital/	SMM - Работа
SMM/Digital/копирайтинг	https://vk.com/board43503600	SMMщики
SMM/Digital/копирайтинг	https://vk.com/board79925455	SMM продвижение
SMM/Digital/копирайтинг	https://vk.com/board50847848	SMM Маркетинг
SMM/Digital/копирайтинг	https://vk.com/board64153507	SEO
SMM/Digital/копирайтинг	https://vk.com/copyright_zone	Копирайтеры Рерайтеры
SMM/Digital/копирайтинг	https://t.me/digital_hr	DigitalHR: работа
SMM/Digital/копирайтинг	https://t.me/Work4writers	Work for writers
SMM/Digital/копирайтинг	https://t.me/work_finde	Work | Диджитал
SMM/Digital/копирайтинг	https://t.me/digitaltender	DIGITAL Tender
SMM/Digital/копирайтинг	https://t.me/+WMnqfTVGDhBkZWMy	Копирайтеры
SMM/Digital/копирайтинг	https://t.me/Work4writers	Work for writers
SMM/Digital/копирайтинг	https://t.me/smmlancer	SMMLANCER
SMM/Digital/копирайтинг	https://www.linkedin.com/groups/3937008/	SELL YOUR DIGITAL HEAD
SMM/Digital/копирайтинг	https://t.me/INFOGRAPHIKAQ	Инфографика
SMM/Digital/копирайтинг	https://work.glvrd.ru/	work.glvrd.ru
SMM/Digital/копирайтинг	https://www.facebook.com/groups/yourdreamjobhere/	Blockchain / FinTech
SMM/Digital/копирайтинг	https://www.facebook.com/groups/tendering/	Ищем подрядчика
SMM/Digital/копирайтинг	https://t.me/theyseeku	Finder.work
SMM/Digital/копирайтинг	https://t.me/vdhl_good	ВДХЛ
SMM/Digital/копирайтинг	https://t.me/normrabota	Норм работа
SMM/Digital/копирайтинг	https://t.me/marketing_jobs	marketing jobs
SMM/Digital/копирайтинг	https://t.me/perezvonyu	Мы вам перезвоним
SMM/Digital/копирайтинг	https://t.me/prwork	PR-работа
SMM/Digital/копирайтинг	https://t.me/forallmarketing	Job for Marketing
SMM/Digital/копирайтинг	https://t.me/theblueprintcareer	«Карьера» The Blueprint
SMM/Digital/копирайтинг	https://t.me/workasap	Работа в диджитал и медиа
SMM/Digital/копирайтинг	https://t.me/vacanciesmarketing	Вакансии [Удаленка] от 60к
SMM/Digital/копирайтинг	https://t.me/morejobs	Больше джобсов
SMM/Digital/копирайтинг	https://t.me/digital_marketing_chat01	Чат | digital маркетологов
SMM/Digital/копирайтинг	https://t.me/people360_marketing	МАРКЕТОЛОГИ
SMM/Digital/копирайтинг	https://t.me/forallmarketing	Job for Marketing
SMM/Digital/копирайтинг	https://t.me/marketing_job_geeklink	Вакансии маркетологов
SMM/Digital/копирайтинг	https://www.facebook.com/groups/pressuha/	Пиарщики и маркетологи
SMM/Digital/копирайтинг	https://www.facebook.com/groups/PRRussiaLargestGroup/	PR_Russia
SMM/Digital/копирайтинг	https://www.facebook.com/groups/RUPR.IT/	PR_TMT
SMM/Digital/копирайтинг	https://www.facebook.com/groups/marketinginrussia/	Marketing in Russia
SMM/Digital/копирайтинг	https://www.facebook.com/groups/476515392478783	Работа PR и маркетинг
SMM/Digital/копирайтинг	https://www.facebook.com/groups/smkhab/	Sales & Marketing ХАБ
SMM/Digital/копирайтинг	https://www.facebook.com/groups/1702007973436408/	Работа в PR, Marketing
SMM/Digital/копирайтинг	https://vk.com/vdhl_ru	ВДХЛ
SMM/Digital/копирайтинг	https://vk.com/good_work_for_good_people	Вакансии в Петербурге
SMM/Digital/копирайтинг	https://t.me/dreamfrilans	Джобнем!
SMM/Digital/копирайтинг	https://t.me/b2btop	Sales & BizDev
SMM/Digital/копирайтинг	https://t.me/forallsales	Job for Sales & BizDev
SMM/Digital/копирайтинг	https://t.me/sales_manager_job	Менеджер по продажам в
SMM/Digital/копирайтинг	https://t.me/sales_rabota	IT Продажи Работа Вакансии
SMM/Digital/копирайтинг	https://t.me/business_forbes	Менеджеры по Продажам
SMM/Digital/копирайтинг	https://t.me/+yRKIeAxH2z1kMTAy	Маркетинговая туса
SMM/Digital/копирайтинг	https://www.facebook.com/groups/JobEvent/	Event. Вакансии и работа
SMM/Digital/копирайтинг	https://t.me/designwork_vacansii	ВАКАНСИИ ДЛЯ ДИЗАЙНЕРА
SMM/Digital/копирайтинг	https://t.me/designhunters	Design Hunters
SMM/Digital/копирайтинг	https://t.me/designer_ru	ИЩУ_ДИЗАЙНЕРА
SMM/Digital/копирайтинг	https://t.me/fordesigner	Job for Designers
SMM/Digital/копирайтинг	https://t.me/designer_jobs	Вакансии и заказы
SMM/Digital/копирайтинг	https://t.me/Designs_job	Уголок дизайнера
SMM/Digital/копирайтинг	https://t.me/uiux_jobs	UI/UX Jobs
SMM/Digital/копирайтинг	https://t.me/design_vacancy	Вакансии для дизайнеров
SMM/Digital/копирайтинг	https://t.me/uxui_jobs	UX UI design
SMM/Digital/копирайтинг	https://t.me/uiux_jobs_resumes	UI/UX Jobs
SMM/Digital/копирайтинг	https://t.me/jobs_design	Работа для дизайнера
SMM/Digital/копирайтинг	https://t.me/design_jobs_uxui	Вакансии для Дизайнеров
SMM/Digital/копирайтинг	https://t.me/cgfreelance	CG Freelance
SMM/Digital/копирайтинг	https://t.me/figmachat	Фигма-чат
SMM/Digital/копирайтинг	https://t.me/desgangchat	Designer Chat
SMM/Digital/копирайтинг	https://t.me/designwork_vacansii	ВАКАНСИИ ДЛЯ ДИЗАЙНЕРА
SMM/Digital/копирайтинг	https://t.me/designer_work	Design WORK
SMM/Digital/копирайтинг	https://t.me/Vakansi_Rus	Creative Freelancer
SMM/Digital/копирайтинг	https://t.me/motionhunter	Motion designer hunter
SMM/Digital/копирайтинг	https://vk.com/topic-25266684_28162906	Infogra
SMM/Digital/копирайтинг	https://vk.com/designersatwork	Работа для дизайнеров
SMM/Digital/копирайтинг	https://www.facebook.com/groups/512613598826785/	ИЩУ_ДИЗАЙНЕРА
Медиа/творчество	http://t.me/hh_vacancy_art	Работа в медиа, дизайне
Медиа/творчество	https://t.me/rueventjob	Удаленка
Медиа/творчество	https://t.me/workinart	[WORK IN ART]
Медиа/творчество	https://t.me/vktvru	Вакансии Кино и Медиа
Медиа/творчество	https://t.me/prodjob	Работа видеопродакшн
Медиа/творчество	https://t.me/msk_media	медиасфера в Москве
Медиа/творчество	https://t.me/dddwork	Работа в медиа
Медиа/творчество	https://t.me/huggabletalents	A-Teams
Медиа/творчество	https://t.me/castings	Кастинги в Москве
Медиа/творчество	https://t.me/jobpower	Jobpower
Медиа/творчество	https://t.me/Ludivkulture	Люди в Культуре
Медиа/творчество	https://www.facebook.com/groups/onkneeproduction/	Clapper
Медиа/творчество	https://www.facebook.com/groups/kinorabotniki/	Киноработники
Медиа/творчество	https://www.facebook.com/groups/workinart/about/	Работа в сфере искусства
Медиа/творчество	https://www.facebook.com/groups/RabotnikiTV/	Работники ТВ
Медиа/творчество	https://www.facebook.com/groups/kasting/	Кастинг
Медиа/творчество	https://vk.com/artworkpeople	Работа для творческих людей
Медиа/творчество	https://vk.com/journ_job	Вакансии для журналистов
Медиа/творчество	https://vk.com/board1824915	Журналист
Медиа/творчество	https://vk.com/incredible_screenwriter	Невероятная жизнь сценариста
Медиа/творчество	https://vk.com/club1651	ЖУРНАЛИСТЫ.RU
Медиа/творчество	https://vk.com/massovkiru	Массовки.ру
Медиа/творчество	https://vk.com/massovka_moskva	Массовка
Медиа/творчество	https://vk.com/telepropusk	Телепропуск
Медиа/творчество	https://vk.com/art_vakansia	ART Вакансия
Медиа/творчество	http://Mediajobs.ru	Mediajobs.ru
Медиа/творчество	http://vdhl.ru/	vdhl.ru
HR	https://t.me/hh_vacancy_hr	Вакансии для HR
HR	https://t.me/HRArchitect	HR-архитектор
HR	https://t.me/job_in_hr	HR Вакансии
HR	https://t.me/hrhubvacancy	HR[хаб]вакансии
HR	https://t.me/HRorHR	эйчарли
HR	https://t.me/jobs_vacancy_cv	Вакансии и резюме
HR	https://t.me/work_hr	Удаленная работа для HR
HR	https://t.me/forhr	Job for HR (IT & Digital)
HR	https://t.me/your_human_resources	Your Human Resources
HR	https://t.me/runello_rus_hr	HR Job Offers
HR	https://t.me/rff_chat	Recruitment for friends Chat
HR	https://t.me/workhrhr	Jobs HR |Вакансии и Резюме
HR	https://t.me/hrterra	HR | TERRA Работа, Вакансии
HR	https://t.me/CnBChatRUnCIS	C&B Russia&CIS
HR	https://t.me/Hrlead	Сообщество HR–специалистов
HR	https://t.me/workhrhr	Jobs HR
HR	https://t.me/HRatWork	HR за работой
HR	https://t.me/work_for_top	JOB FOR TOP
HR	https://t.me/hrhubworld	HR[хаб]world
HR	https://t.me/hrhubresume	HR resume
HR	https://t.me/hrhubvacancy300	300HR[хаб]вакансии
HR	https://t.me/hrhubvacancy	HR[хаб]вакансии
HR	https://t.me/digital_hr	DigitalHR
HR	https://t.me/work_hr	Удаленная работа для HR
HR	https://t.me/hrvacancies_rff	HR Вакансии
HR	https://t.me/kdpvacancies_rff	Вакансии в Кадрах, C&B, HR
HR	https://t.me/HRSOYUZ	HR СОЮЗ [HR вакансии]
HR	https://t.me/tutvacancy	HR - Вакансии
HR	https://t.me/jobs_vacancy_cv	Вакансии и резюме HR-специалистов
HR	https://t.me/hr_only	Клуб эйчаров
HR	https://t.me/Hrbazaar	HR-аналитика
HR	https://t.me/kadrovikichat	Кадровики
HR	https://t.me/chat_clubtk	Чат кадровиков
HR	https://t.me/schoolkontur_staffchat	Летучка кадры и HR
HR	https://t.me/medkadrovik	Кадровики в медицине
HR	https://t.me/ProKadryBY	КАДРОВИКИ РБ
HR	https://www.facebook.com/groups/vacancy.hr/	Вакансии&Кандидаты
HR	https://www.facebook.com/groups/CnB.CIS/	C&B Russia&CIS
HR	https://www.facebook.com/groups/hrkhab/	HR хаб
HR	https://www.linkedin.com/groups/5118638/	Вакансии в HR
HR	https://www.linkedin.com/groups/9162653/	HR СОЮЗ
HR	https://www.linkedin.com/groups/4284609/	SELL YOUR HR HEAD
HR	https://www.linkedin.com/groups/13747077/	Вакансии и Кандидаты
HR	https://www.linkedin.com/groups/5118846/	HR объявления и вакансии
HR	https://t.me/connecticum_ccic	Коннектикум
HR	https://www.facebook.com/groups/239046233444075/	Вакансии для HR
HR	https://www.facebook.com/groups/2250348534991481/	T&D запросы и вакансии
HR	https://www.facebook.com/groups/russian.lawyers.online/	Юристы
HR	https://www.facebook.com/groups/1552134701718237/	Постоянная работа для юристов в России
HR	https://www.facebook.com/groups/lawpartyrus	LawParty
HR	https://www.facebook.com/groups/469765170848753/	
HR	https://t.me/jobs_finlegal	Legal Jobs
HR	https://t.me/hh_vacancy_lawyers	Вакансии для юристов
HR	https://t.me/aestheticsoflawjob	Вакансии для юристов
HR	https://t.me/legal_jobs	Юридические вакансии
HR	https://t.me/jurrussia	Юристы России│Чат
HR	https://t.me/joblawyer	Ищу юриста
HR	https://t.me/legaljobs_ip_it	Вакансии IP и IT юристов
HR	https://t.me/legaltalents	Legal Talents
HR	https://t.me/club_lawyers	Lawyers.Club
HR	https://t.me/legaljobsradar	Вакансии Для Юристов
HR	https://t.me/job_lawyer_junior	Вакансии Младших Юристов
HR	https://t.me/finexecutive	
HR	https://t.me/jobs_finlegal	FinExecutive
HR	https://t.me/hh_vacancy_accountants	Работа для бухгалтеров
HR	https://t.me/tpeople	Работа в финансах
HR	https://t.me/work_in_accounting	Работа бухгалтерам, аналитикам
HR	https://t.me/buhjob	Бухджоб
HR	https://t.me/bankman_20	BANKMAN
HR	https://t.me/top_fins	ФИНСОЮЗ
HR	https://t.me/chatbuhgalterov	Чат Бухгалтеров
HR	https://t.me/buhgalterskij_networking_lite	Бухгалтерский нетворкинг
HR	https://t.me/ip_biznes	Чат ТОП Бухгалтеров РФ
HR	https://t.me/buhhunter	Бухантер — chat
HR	https://t.me/buhgalter_rossia1	1C Бухгалтерия
HR	https://t.me/working_in_finance	Вакансии бухгалтерам, экономистам
HR	https://t.me/cfa_club	CFA Community
HR	https://t.me/vacancyBuh	Вакансии бухгалтеров в РК
HR	https://t.me/ACCjobUZ	Работа для БУХГАЛТЕРА.UZ
HR	https://t.me/acca_club	Acca Community
HR	https://www.facebook.com/groups/taxlawyers/	Налоговые юристы и консультанты
HR	https://www.facebook.com/groups/cfo.vacancy/	CFO вакансии
HR	https://www.facebook.com/groups/CFOCLUB.ORG/	CFOCLUB
HR	https://www.facebook.com/groups/klerk/	Красный уголок бухгалтера
HR	https://www.facebook.com/groups/1431332177130672/	Работа Финансы и бухгалтерия
Консалтинг	https://t.me/careerinconsulting	
Консалтинг	https://t.me/jobs_finlegal	Карьера в консалтинговых фирмах
Консалтинг	https://t.me/consulting_alumni	Job Board - Consulting Alumni
Консалтинг	https://t.me/costa_case_chat	Career chat - Costa Case Club
Консалтинг	https://t.me/costa_case_club	Costa Case Club Channel
Консалтинг	https://t.me/jabroad	Карьера в стратегии и аналитике
Образование	https://t.me/edujobs	Вакансии в образовании
Образование	https://t.me/edmarketclubjob	EdMarket Club (вакансии)
Образование	https://t.me/razoom_jobs	Вакансии Разумных
Образование	https://t.me/newmethodologist/1	Сообщество Методистов
Образование	https://t.me/vacancy_teacher	Вакансии | Учителям,
Образование	https://t.me/pedagog_rabota	Вакансии педагоги и
Образование	https://t.me/job_in_zdrav	Медицина, врачи. Вакансии
Образование	https://t.me/job_in_med	Медицинские вакансии
Образование	https://t.me/cardiologlove	THE SYNAPSUS Cardiology
Образование	https://t.me/radiologyMMAchat	Radiology/Рентгенология
Образование	https://t.me/it_in_med	IT В МЕДИЦИНЕ
Образование	https://www.facebook.com/groups/restbusiness/	Ресторанный бизнес
Образование	https://www.facebook.com/groups/239425886183391	PR и персонал для ресторанов
Образование	https://t.me/hh_vacancy_horeca	Работа в кафе, барах
Образование	https://t.me/RestorHoreca	Работа
Образование	https://t.me/RestoranHR	Resto HR
Образование	https://t.me/horecahr	HRC HR
Образование	https://t.me/HotelsHR	Hotel HR
Образование	https://t.me/HotelBusinessJobs	ВАКАНСИИ В ОТЕЛЯХ
Образование	https://t.me/hrchrtop	HRC HR TOP
Образование	https://t.me/waiterspb	Чаевые включены в счет. СПб.
Образование	https://t.me/horecaworks	Работа в HoReCa СПб
Образование	https://t.me/personalrestoranUMA	Персонал для ресторанов
Образование	https://t.me/expomodels	Работа для хостес в Москве
Образование	https://t.me/horeca_work	РАБОТА В ОБЩЕПИТЕ
Образование	https://t.me/Horeca_Job	HoReCa Job MoscoW
Образование	https://www.linkedin.com/groups/5110787/	Vacancies in Hospitality (Russia)
Образование	https://t.me/archprojectru	Проектировщики России
Образование	https://t.me/pro_pto	ПТОшники & ПРОектировщики
Образование	https://t.me/hrisipto	Работа для инженеров ПТО
Образование	https://t.me/vakansitr	ПРО-ПТО (Вакансии & Резюме)
Образование	https://t.me/archprojectkz	Проектировщики Казахстана
Образование	https://t.me/arkhitektory_chat	Архитектор / Проектировщик
Образование	https://vk.com/club926103	Проектировщики поможем друг-другу!
Образование	https://vk.com/proektirovshik	Инженеры-проектировщики
Образование	https://vk.com/club61764044	Проектировщики
Образование	https://t.me/psoyuz	HR Промышленный СОЮЗ
Образование	https://t.me/zavodistoyat	Заводы стоят: работа для технарей
Образование	https://t.me/hh_vacancy_builders	Вакансии для строителей
Образование	https://t.me/hh_vacancy_engineers	Работа для инженеров
Образование	https://t.me/hh_vacansy_working_staff	Рабочие вакансии
Образование	https://t.me/Polit_Jobs	Polit.Job
Образование	https://t.me/SportHunter	SportHunter
Образование	https://t.me/marketplacejob	Работа на маркетплейсах
Образование	https://t.me/rabotauvalery	Вакансии в НКО
Образование	https://t.me/delaemknigi	Делаем книги
Образование	https://t.me/urbanjob	URBAN JOB
Образование	https://t.me/freid_ko	Вакансии в психологии
Образование	https://t.me/sewing_people	Вакансии швейного производства
Образование	https://t.me/getinfobiz	По инфобизнесу
Образование	https://t.me/infobiz_choogl	Работа - Инфобизнес
Образование	https://t.me/Menedzhery_marketpleysov_Chat	Менеджеры маркетплейсов
Образование	https://t.me/wasa_job	Вакансии для архитекторов
Образование	https://t.me/interior_russia	ДИЗАЙНЕРЫ & АРХИТЕКТОРЫ
Образование	https://www.linkedin.com/groups/111776/	Pharma Professionals
Образование	https://www.linkedin.com/groups/2813871/	RUSSIA Automotive
Образование	https://www.linkedin.com/groups/3788420/	Russia Supply Chain
Образование	https://www.linkedin.com/groups/4098452/	Career in FMCG, Retail
Образование	https://www.linkedin.com/groups/8263668/	СТРОИТЕЛЬСТВО
Образование	https://www.linkedin.com/groups/6610610/	АГРО-ПРАКТИКИ
Образование	https://www.linkedin.com/groups/13754641/	ВСЕ ВАКАНСИИ РИТЕЙЛА
Образование	https://vk.com/vakvak	Вакансии для переводчиков
Образование	https://www.facebook.com/groups/agrofmcg/	AGRO&FMCG Job
Образование	https://www.facebook.com/groups/PAKhab/	РА хаб
Образование	https://www.facebook.com/groups/insuranceworld/	Мир страхования
Образование	https://www.facebook.com/groups/1761179790706204/	Профессионалы FMCG/HoReCa/DIY
Образование	https://t.me/RussianGoverCalls	Первый о госслужбе
Образование	https://t.me/vacancy_gossector	Вакансии госсектор
Образование	https://t.me/hh_internships	hh students
Образование	https://t.me/hh_vacancy_side_job	Подработка от hh.ru
Образование	https://t.me/fmcg_job	Вакансии FMCG, RETAIL и ECOMM
Образование	https://t.me/translationsTranslators	Переводы и переводчики
Образование	https://t.me/linguohunter	LinguoHunter
Образование	https://t.me/rabota_vahtaA	Вахтовик
Образование	https://t.me/vahtovikru	РАБОТА ВАХТОЙ
Образование	https://t.me/work_for_buyers	Закупки. Вакансии
Образование	https://t.me/procurement_best_practices	ЭТО ЗАКУПКИ
Образование	https://t.me/jobved	Вакансии в сфере таможни, логистики
Образование	https://t.me/scm_jobs	Карьера и работа в логистике
Образование	https://t.me/vahtovikitut	Вахтовики
Образование	https://t.me/Rabota_Vahtax	Работа | ВАХТА
Образование	https://vk.com/public21821398	Вакансия Работа Вахтой
Образование	https://vk.com/rabota_vahtaa	Работа Вахта
Образование	https://t.me/SmartAbroad%20	SmartAbroad
Образование	https://t.me/brain_drain_ru	Brain Drain
Образование	https://t.me/BROOTTO_Jobs	Работа в Израиле
Образование	https://t.me/digitalbroccoli	Brocli: зарубежный фриланс
Образование	https://t.me/jobs_in_dubai	Jobs in Dubai
Образование	https://t.me/young_relocate	Yo Relocate
Образование	https://t.me/rabotavispanii	РАБОТА В ИСПАНИИ
Образование	https://t.me/top_rel	РЕЛОКАЦИЯ
Образование	https://t.me/germanworks_chat	Work-in-Germany
Образование	https://t.me/jobinde	Работа в Германии
Образование	https://t.me/workinpolandi	Работа в Польше
Образование	https://t.me/warsawwork	Работа Польша
Образование	https://t.me/jobsincyprusgroup	Job in Cyprus
Образование	https://t.me/rabotavserbii	Работа в Сербии
Образование	https://t.me/pratsa_vakansiic	Работа в Минске
Образование	https://t.me/jobs_ge	ВАКАНСИИ Грузия
Образование	https://t.me/georgiaitjobs	Работа в ИТ
Образование	https://t.me/StartupJobsInFinland	Startup Jobs in Finland
Образование	https://t.me/phuket_work	Пхукет | Таиланд
Образование	https://t.me/tailand_rabota	Таиланд работа
Образование	https://t.me/Singapore_Jobs_SG	Singapore Jobs
Образование	https://t.me/singaporeparttimejobs	Singapore Part Time Jobs
Образование	https://t.me/sgjob4u	(Singapore Jobs)
Образование	https://t.me/salesjobsuz	SALES JOBS UZ
Образование	https://t.me/BROOTTO_Jobs	Работа в Израиле
Образование	https://t.me/dubai_hotel_jobs	Dubai hotel Jobs
Образование	https://www.facebook.com/groups/work.stream/	РАБОТА В ЕВРОПЕ
Образование	https://www.facebook.com/groups/1992013360971019/	Работа в Европе для всех
Образование	https://www.facebook.com/groups/1387343911620115/	Работа в Европе
Образование	https://www.facebook.com/groups/590377451723356/	Работа в Грузии
Образование	https://www.facebook.com/groups/balticjob/	Jobs and vacancies in Latvia
Образование	https://www.facebook.com/groups/russian.jobs.europe/	Russian speaking jobs
Образование	https://www.linkedin.com/groups/8496166/	Jobs in Kazakhstan
Образование	https://www.linkedin.com/groups/8496318/	Jobs in Belarus
Образование	https://www.linkedin.com/groups/8494088/	Jobs in Azerbaijan
Образование	https://www.linkedin.com/groups/2599090/	Uzbekistan Jobs
Образование	https://www.linkedin.com/groups/8493301/	Jobs in Georgia (Tbilisi)
Образование	https://www.linkedin.com/groups/6707058/	Actual Vacancies in Kazakhstan
Образование	https://www.linkedin.com/groups/3169301/	JOB in Turkmenistan
Образование	https://www.indeed.com/	indeed.com
Образование	https://nl.talent.com/	nl.talent.com
Образование	https://www.linkedin.com/	www.linkedin.com
Образование	https://www.monster.co.th/	www.monster.co.th
Образование	https://careercenter.am/ru	careercenter.am
Образование	https://www.techstarthailand.com/en/employer	techstarthailand.com
Образование	http://hr.am/	hr.am
Образование	https://sg.jobstreet.com/	sg.jobstreet.com
Образование	https://job.am/	job.am
Образование	https://www.turkeytalent.com/	www.turkeytalent.com
Образование	https://staff.am/ru	Kariyer.net
Образование	https://jobs.ge/en/	Yeneviris.com
Образование	https://www.hr.ge/	Bne.com.br
Образование	https://jober.ge/ru	Jobsinrio.com
Образование	https://www.myjobs.ge/ru/	Seek.com.au
Образование	https://www.reed.co.uk/	Seek.com.nz
Образование	https://www.timewisejobs.co.uk/	Au.jora.com
Образование	https://www.totaljobs.com/	Nz.jora.com
Образование	https://www.arbeitsagentur.de/privatpersonen/	Trademe.co.nz
Образование	https://www.connecticum.de/	Rigzone.com – нефтянка
Образование	https://www.stellenanzeigen.de/	Monstergulf.com
Образование	https://www.stepstone.de/	Wuzzuf.net/jobs/Egypt
Образование	https://gorodrabot.kz/	Gulftalent.com
Образование	https://www.enbek.kz/ru	Bayt.com
Образование	https://qyzmet.kz/	Naukrigulf.com
Образование	https://www.nationalevacaturebank.nl/	nationalevacaturebank.nl
Образование	https://www.indeed.com/m/	indeed.com
Образование	https://www.werk.nl/werkzoekenden/vacatures/	werk.nl
Образование	https://www.glassdoor.com/Community/index.htm	glassdoor.com
Образование	https://www.bayt.com/en/	bayt.com
Образование	https://www.dice.com/	dice.com
Образование	https://chatru.com/index.php	chatru.com
Образование	https://www.jobisjob.com/m	jobisjob.com
Образование	https://dubaicareers.ae/en/	dubaicareers.ae
Образование	https://www.reed.co.uk/	reed.co.uk
Образование	https://uae.dubizzle.com/	dubizzle.com
Образование	https://www.qapa.fr/	qapa.fr
Образование	https://www.gulftalent.com/	gulftalent.com
Образование	https://xing.com	xing.com
Образование	https://www.itjobs.pt/	itjobs.pt
Образование	https://www.stepstone.de/	stepstone.de
Образование	https://www.net-empregos.com/	net-empregos.com
Образование	https://www.praca.pl/	praca.pl
Образование	https://emprego.sapo.pt/	sapo.pt
Образование	https://www.jobs.pl/	jobs.pl
Образование	https://www.lakodoposla.com/	lakodoposla.com
Образование	https://www.cyprusjobs.com/	cyprusjobs.com
Образование	https://nsz.gov.rs/	nsz.gov.rs
Образование	https://www.cypruswork.com/	cypruswork.com
Образование	https://poslovi.infostud.com/	infostud.com
Образование	https://kariera.com.cy/	kariera.com.cy
Образование	https://www.poslovi.rs/	poslovi.rs
Образование	http://www.oficinaempleo.com/	oficinaempleo.com
Образование	https://www.careerbuilder.com/	careerbuilder.com
Образование	https://rs.gigajob.com/	gigajob.com
Образование	https://www.coolworks.com/	coolworks.com
Образование	https://poslovi.infostud.com/	infostud.com
Образование	https://www.theladders.com/	theladders.com
Образование	https://rabota.by/	rabota.by
Образование	https://www.iskur.gov.tr/en	iskur.gov.tr
Образование	https://praca.by/	praca.by
Образование	https://www.kariyer.net/	kariyer.net
Образование	https://belmeta.com/	belmeta.com
Образование	https://www.secretcv.com/	secretcv.com
Образование	https://thehub.io/	thehub.io
Образование	https://www.yenibiris.com/	yenibiris.com
Образование	https://tyopaikat.oikotie.fi/	oikotie.fi
Образование	https://www.leboncoin.fr/offres_d_emploi/offres	leboncoin.fr
Образование	https://duunitori.fi/	duunitori.fi
Образование	https://www.pole-emploi.fr/accueil/	pole-emploi.fr
Образование	https://www.stepstone.be/en/	stepstone.be
Образование	https://snaphunt.com/	snaphunt.com
Образование	https://www.vacature.be/	vacature.be


